id,name,slug,type,website,city_id,city,country_code
es-universidad-miguel-hern-ndez-de-elche,Universidad Miguel Hernández de Elche,universidad-miguel-hern-ndez-de-elche,state,https://www.umh.es,ES-A,Alicante,ES
es-universidad-de-alicante,Universidad de Alicante,universidad-de-alicante,state,https://www.ua.es,ES-A,Alicante,ES
es-universidad-de-almer-a,Universidad de Almería,universidad-de-almer-a,state,https://www.ual.es,ES-AL,Almería,ES
es-universidad-cat-lica-de-vila,Universidad Católica de Ávila,universidad-cat-lica-de-vila,private,https://www.ucavila.es,ES-AV,Ávila,ES
es-universitat-abat-oliba-ceu,Universitat Abat Oliba CEU,universitat-abat-oliba-ceu,private,https://www.uao.es,ES-B,Barcelona,ES
es-universitat-aut-noma-de-barcelona,Universitat Autònoma de Barcelona,universitat-aut-noma-de-barcelona,state,https://www.uab.cat,ES-B,Barcelona,ES
es-universitat-internacional-de-catalunya,Universitat Internacional de Catalunya,universitat-internacional-de-catalunya,private,https://www.uic.es,ES-B,Barcelona,ES
es-universitat-oberta-de-catalunya,Universitat Oberta de Catalunya,universitat-oberta-de-catalunya,private,https://www.uoc.edu,ES-B,Barcelona,ES
es-universitat-polit-cnica-de-catalunya,Universitat Politècnica de Catalunya,universitat-polit-cnica-de-catalunya,state,https://www.upc.edu,ES-B,Barcelona,ES
es-universitat-pompeu-fabra,Universitat Pompeu Fabra,universitat-pompeu-fabra,state,https://www.upf.edu,ES-B,Barcelona,ES
es-universitat-ramon-llull,Universitat Ramon Llull,universitat-ramon-llull,private,https://www.url.edu,ES-B,Barcelona,ES
es-universitat-de-barcelona,Universitat de Barcelona,universitat-de-barcelona,state,https://www.ub.edu,ES-B,Barcelona,ES
es-universitat-de-vic-universitat-central-de-catalunya,Universitat de Vic - Universitat Central de Catalunya,universitat-de-vic-universitat-central-de-catalunya,private,https://www.uvic.cat,ES-B,Barcelona,ES
es-universidad-de-extremadura,Universidad de Extremadura,universidad-de-extremadura,state,https://www.unex.es,ES-BA,Badajoz,ES
es-universidad-de-deusto,Universidad de Deusto,universidad-de-deusto,private,https://www.deusto.es,ES-BI,Bizkaia,ES
es-universidad-del-pa-s-vasco-euskal-herriko-unibertsitatea,Universidad del País Vasco/Euskal Herriko Unibertsitatea,universidad-del-pa-s-vasco-euskal-herriko-unibertsitatea,state,https://www.ehu.eus,ES-BI,Bizkaia,ES
es-universidad-isabel-i,Universidad Isabel I,universidad-isabel-i,private,https://www.ui1.es,ES-BU,Burgos,ES
es-universidad-de-burgos,Universidad de Burgos,universidad-de-burgos,state,https://www.ubu.es,ES-BU,Burgos,ES
es-universidad-intercontinental-de-la-empresa,Universidad Intercontinental de la Empresa,universidad-intercontinental-de-la-empresa,private,https://www.uie.edu,ES-C,A Coruña,ES
es-universidade-da-coru-a,Universidade da Coruña,universidade-da-coru-a,state,https://www.udc.es,ES-C,A Coruña,ES
es-universidade-de-santiago-de-compostela,Universidade de Santiago de Compostela,universidade-de-santiago-de-compostela,state,https://www.usc.gal,ES-C,A Coruña,ES
es-universidad-de-c-diz,Universidad de Cádiz,universidad-de-c-diz,state,https://www.uca.es,ES-CA,Cádiz,ES
es-universidad-de-c-rdoba,Universidad de Córdoba,universidad-de-c-rdoba,state,https://www.uco.es,ES-CO,Córdoba,ES
es-universidad-de-castilla-la-mancha,Universidad de Castilla-La Mancha,universidad-de-castilla-la-mancha,state,https://www.uclm.es,ES-CR,Ciudad Real,ES
es-universitat-jaume-i,Universitat Jaume I,universitat-jaume-i,state,https://www.uji.es,ES-CS,Castellón,ES
es-universidad-atl-ntico-medio,Universidad Atlántico Medio,universidad-atl-ntico-medio,private,https://www.universidadatlanticomedio.es,ES-GC,Las Palmas,ES
es-universidad-fernando-pessoa-canarias,Universidad Fernando Pessoa Canarias,universidad-fernando-pessoa-canarias,private,https://www.ufpcanarias.es,ES-GC,Las Palmas,ES
es-universidad-de-las-palmas-de-gran-canaria,Universidad de Las Palmas de Gran Canaria,universidad-de-las-palmas-de-gran-canaria,state,https://www.ulpgc.es,ES-GC,Las Palmas,ES
es-universidad-de-las-hesp-rides,Universidad de las Hespérides,universidad-de-las-hesp-rides,private,https://hesperides.edu.es,ES-GC,Las Palmas,ES
es-universitat-de-girona,Universitat de Girona,universitat-de-girona,state,https://www.udg.edu,ES-GI,Girona,ES
es-universidad-de-granada,Universidad de Granada,universidad-de-granada,state,https://www.ugr.es,ES-GR,Granada,ES
es-universidad-de-huelva,Universidad de Huelva,universidad-de-huelva,state,https://www.uhu.es,ES-H,Huelva,ES
es-universidad-de-ja-n,Universidad de Jaén,universidad-de-ja-n,state,https://www.ujaen.es,ES-J,Jaén,ES
es-universitat-de-lleida,Universitat de Lleida,universitat-de-lleida,state,https://www.udl.cat,ES-L,Lleida,ES
es-universidad-de-le-n,Universidad de León,universidad-de-le-n,state,https://www.unileon.es,ES-LE,León,ES
es-universidad-internacional-de-la-rioja,Universidad Internacional de La Rioja,universidad-internacional-de-la-rioja,private,https://www.unir.net,ES-LO,La Rioja,ES
es-universidad-de-la-rioja,Universidad de La Rioja,universidad-de-la-rioja,state,https://www.unirioja.es,ES-LO,La Rioja,ES
es-cunef-universidad,CUNEF Universidad,cunef-universidad,private,https://www.cunef.edu,ES-M,Madrid,ES
es-esic-universidad,ESIC Universidad,esic-universidad,private,https://www.esic.edu,ES-M,Madrid,ES
es-ie-universidad-madrid,IE Universidad Madrid,ie-universidad-madrid,private,https://www.ie.edu,ES-M,Madrid,ES
es-unie-universidad,UNIE Universidad,unie-universidad,private,https://www.universidadunie.com,ES-M,Madrid,ES
es-universidad-alfonso-x-el-sabio,Universidad Alfonso X el Sabio,universidad-alfonso-x-el-sabio,private,https://www.uax.com,ES-M,Madrid,ES
es-universidad-antonio-de-nebrija,Universidad Antonio de Nebrija,universidad-antonio-de-nebrija,private,https://www.nebrija.com,ES-M,Madrid,ES
es-universidad-aut-noma-de-madrid,Universidad Autónoma de Madrid,universidad-aut-noma-de-madrid,state,https://www.uam.es,ES-M,Madrid,ES
es-universidad-ceu-san-pablo,Universidad CEU San Pablo,universidad-ceu-san-pablo,private,https://www.uspceu.com,ES-M,Madrid,ES
es-universidad-camilo-jos-cela,Universidad Camilo José Cela,universidad-camilo-jos-cela,private,https://www.ucjc.edu,ES-M,Madrid,ES
es-universidad-carlos-iii-de-madrid,Universidad Carlos III de Madrid,universidad-carlos-iii-de-madrid,state,https://www.uc3m.es,ES-M,Madrid,ES
es-universidad-complutense-de-madrid,Universidad Complutense de Madrid,universidad-complutense-de-madrid,state,https://www.ucm.es,ES-M,Madrid,ES
es-universidad-eclesi-stica-san-d-maso,Universidad Eclesiástica San Dámaso,universidad-eclesi-stica-san-d-maso,private,https://sandamaso.es,ES-M,Madrid,ES
es-universidad-europea-de-madrid,Universidad Europea de Madrid,universidad-europea-de-madrid,private,https://universidadeuropea.com,ES-M,Madrid,ES
es-universidad-francisco-de-vitoria,Universidad Francisco de Vitoria,universidad-francisco-de-vitoria,private,https://www.ufv.es,ES-M,Madrid,ES
es-universidad-internacional-men-ndez-pelayo,Universidad Internacional Menéndez Pelayo,universidad-internacional-men-ndez-pelayo,state,https://www.uimp.es,ES-M,Madrid,ES
es-universidad-internacional-villanueva,Universidad Internacional Villanueva,universidad-internacional-villanueva,private,https://www.villanueva.edu,ES-M,Madrid,ES
es-universidad-nacional-de-educaci-n-a-distancia,Universidad Nacional de Educación a Distancia,universidad-nacional-de-educaci-n-a-distancia,state,https://www.uned.es,ES-M,Madrid,ES
es-universidad-polit-cnica-de-madrid,Universidad Politécnica de Madrid,universidad-polit-cnica-de-madrid,state,https://www.upm.es,ES-M,Madrid,ES
es-universidad-pontificia-comillas,Universidad Pontificia Comillas,universidad-pontificia-comillas,private,https://www.comillas.edu,ES-M,Madrid,ES
es-universidad-rey-juan-carlos,Universidad Rey Juan Carlos,universidad-rey-juan-carlos,state,https://www.urjc.es,ES-M,Madrid,ES
es-universidad-a-distancia-de-madrid-udima,Universidad a Distancia de Madrid (UDIMA),universidad-a-distancia-de-madrid-udima,private,https://www.udima.es,ES-M,Madrid,ES
es-universidad-de-alcal,Universidad de Alcalá,universidad-de-alcal,state,https://www.uah.es,ES-M,Madrid,ES
es-universidad-de-dise-o-innovaci-n-y-tecnolog-a-udit,"Universidad de Diseño, Innovación y Tecnología (UDIT)",universidad-de-dise-o-innovaci-n-y-tecnolog-a-udit,private,https://www.udit.es,ES-M,Madrid,ES
es-universidad-alfonso-x-el-sabio-mare-nostrum,Universidad Alfonso X el Sabio Mare Nostrum,universidad-alfonso-x-el-sabio-mare-nostrum,private,https://www.uax.com,ES-MA,Málaga,ES
es-universidad-europea-de-andaluc-a,Universidad Europea de Andalucía,universidad-europea-de-andaluc-a,private,https://universidadeuropea.com,ES-MA,Málaga,ES
es-universidad-tecnol-gica-atl-ntico-mediterr-neo,Universidad Tecnológica Atlántico-Mediterráneo,universidad-tecnol-gica-atl-ntico-mediterr-neo,private,https://utamed.es,ES-MA,Málaga,ES
es-universidad-de-m-laga,Universidad de Málaga,universidad-de-m-laga,state,https://www.uma.es,ES-MA,Málaga,ES
es-universidad-cat-lica-san-antonio-de-murcia,Universidad Católica San Antonio de Murcia,universidad-cat-lica-san-antonio-de-murcia,private,https://www.ucam.edu,ES-MU,Murcia,ES
es-universidad-polit-cnica-de-cartagena,Universidad Politécnica de Cartagena,universidad-polit-cnica-de-cartagena,state,https://www.upct.es,ES-MU,Murcia,ES
es-universidad-de-murcia,Universidad de Murcia,universidad-de-murcia,state,https://www.um.es,ES-MU,Murcia,ES
es-universidad-p-blica-de-navarra,Universidad Pública de Navarra,universidad-p-blica-de-navarra,state,https://www.unavarra.es,ES-NA,Navarra,ES
es-universidad-de-navarra,Universidad de Navarra,universidad-de-navarra,private,https://www.unav.edu,ES-NA,Navarra,ES
es-universidad-de-oviedo,Universidad de Oviedo,universidad-de-oviedo,state,https://www.uniovi.es,ES-O,Asturias,ES
es-universitat-de-les-illes-balears,Universitat de les Illes Balears,universitat-de-les-illes-balears,state,https://www.uib.eu,ES-PM,Illes Balears,ES
es-universidade-de-vigo,Universidade de Vigo,universidade-de-vigo,state,https://www.uvigo.gal,ES-PO,Pontevedra,ES
es-universidad-europea-del-atl-ntico,Universidad Europea del Atlántico,universidad-europea-del-atl-ntico,private,https://www.uneatlantico.es,ES-S,Cantabria,ES
es-universidad-de-cantabria,Universidad de Cantabria,universidad-de-cantabria,state,https://www.unican.es,ES-S,Cantabria,ES
es-universidad-pontificia-de-salamanca,Universidad Pontificia de Salamanca,universidad-pontificia-de-salamanca,private,https://www.upsa.es,ES-SA,Salamanca,ES
es-universidad-de-salamanca,Universidad de Salamanca,universidad-de-salamanca,state,https://www.usal.es,ES-SA,Salamanca,ES
es-universidad-ceu-fernando-iii,Universidad CEU Fernando III,universidad-ceu-fernando-iii,private,https://uf3ceu.es,ES-SE,Sevilla,ES
es-universidad-internacional-de-andaluc-a,Universidad Internacional de Andalucía,universidad-internacional-de-andaluc-a,state,https://www.unia.es,ES-SE,Sevilla,ES
es-universidad-loyola-andaluc-a,Universidad Loyola Andalucía,universidad-loyola-andaluc-a,private,https://www.uloyola.es,ES-SE,Sevilla,ES
es-universidad-pablo-de-olavide,Universidad Pablo de Olavide,universidad-pablo-de-olavide,state,https://www.upo.es,ES-SE,Sevilla,ES
es-universidad-de-sevilla,Universidad de Sevilla,universidad-de-sevilla,state,https://www.us.es,ES-SE,Sevilla,ES
es-ie-universidad,IE Universidad,ie-universidad,private,https://www.ie.edu,ES-SG,Segovia,ES
es-mondragon-unibertsitatea,Mondragon Unibertsitatea,mondragon-unibertsitatea,private,https://www.mondragon.edu,ES-SS,Gipuzkoa,ES
es-universitat-rovira-i-virgili,Universitat Rovira i Virgili,universitat-rovira-i-virgili,state,https://www.urv.cat,ES-T,Tarragona,ES
es-universidad-europea-de-canarias,Universidad Europea de Canarias,universidad-europea-de-canarias,private,https://universidadeuropea.com/canarias,ES-TF,Santa Cruz de Tenerife,ES
es-universidad-de-la-laguna,Universidad de La Laguna,universidad-de-la-laguna,state,https://www.ull.es,ES-TF,Santa Cruz de Tenerife,ES
es-universidad-ceu-cardenal-herrera,Universidad CEU Cardenal Herrera,universidad-ceu-cardenal-herrera,private,https://www.uchceu.es,ES-V,Valencia,ES
es-universidad-cat-lica-de-valencia-san-vicente-m-rtir,Universidad Católica de Valencia San Vicente Mártir,universidad-cat-lica-de-valencia-san-vicente-m-rtir,private,https://www.ucv.es,ES-V,Valencia,ES
es-universidad-europea-de-valencia,Universidad Europea de Valencia,universidad-europea-de-valencia,private,https://universidadeuropea.com/valencia/,ES-V,Valencia,ES
es-universidad-internacional-de-valencia,Universidad Internacional de Valencia,universidad-internacional-de-valencia,private,https://www.universidadviu.com,ES-V,Valencia,ES
es-universitat-polit-cnica-de-val-ncia,Universitat Politècnica de València,universitat-polit-cnica-de-val-ncia,state,https://www.upv.es,ES-V,Valencia,ES
es-universitat-de-val-ncia,Universitat de València,universitat-de-val-ncia,state,https://www.uv.es,ES-V,Valencia,ES
es-universidad-europea-miguel-de-cervantes,Universidad Europea Miguel de Cervantes,universidad-europea-miguel-de-cervantes,private,https://www.uemc.es,ES-VA,Valladolid,ES
es-universidad-de-valladolid,Universidad de Valladolid,universidad-de-valladolid,state,https://www.uva.es,ES-VA,Valladolid,ES
es-universidad-euneiz,Universidad EUNEIZ,universidad-euneiz,private,https://euneiz.com,ES-VI,Álava,ES
es-universidad-san-jorge,Universidad San Jorge,universidad-san-jorge,private,https://www.usj.es,ES-Z,Zaragoza,ES
es-universidad-de-zaragoza,Universidad de Zaragoza,universidad-de-zaragoza,state,https://www.unizar.es,ES-Z,Zaragoza,ES
it-universit-della-valle-d-aosta-universit-de-la-vall-e-d-aoste,Università della Valle d'Aosta - Université de la Vallée d'Aoste,universit-della-valle-d-aosta-universit-de-la-vall-e-d-aoste,private,https://www.univda.it,IT-23,Valle d'Aosta,IT
it-universit-politecnica-delle-marche,Università Politecnica delle Marche,universit-politecnica-delle-marche,state,https://www.univpm.it,IT-AN,Ancona,IT
it-gran-sasso-science-institute,Gran Sasso Science Institute,gran-sasso-science-institute,state,https://www.gssi.it,IT-AQ,L'Aquila,IT
it-universit-degli-studi-dell-aquila,Università degli Studi dell'Aquila,universit-degli-studi-dell-aquila,state,https://www.univaq.it,IT-AQ,L'Aquila,IT
it-libera-universit-mediterranea-lum-giuseppe-degennaro,"Libera Università Mediterranea LUM ""Giuseppe Degennaro""",libera-universit-mediterranea-lum-giuseppe-degennaro,private,https://www.lum.it,IT-BA,Bari,IT
it-politecnico-di-bari,Politecnico di Bari,politecnico-di-bari,state,https://www.poliba.it,IT-BA,Bari,IT
it-universit-degli-studi-di-bari-aldo-moro,Università degli Studi di Bari Aldo Moro,universit-degli-studi-di-bari-aldo-moro,state,https://www.uniba.it,IT-BA,Bari,IT
it-universit-degli-studi-di-bergamo,Università degli Studi di Bergamo,universit-degli-studi-di-bergamo,state,https://www.unibg.it,IT-BG,Bergamo,IT
it-universit-telematica-giustino-fortunato,"Università Telematica ""Giustino Fortunato""",universit-telematica-giustino-fortunato,private,https://www.unifortunato.eu,IT-BN,Benevento,IT
it-universit-degli-studi-del-sannio,Università degli Studi del Sannio,universit-degli-studi-del-sannio,state,https://www.unisannio.it,IT-BN,Benevento,IT
it-alma-mater-studiorum-universit-di-bologna,Alma Mater Studiorum - Università di Bologna,alma-mater-studiorum-universit-di-bologna,state,https://www.unibo.it,IT-BO,Bologna,IT
it-universit-degli-studi-di-brescia,Università degli Studi di Brescia,universit-degli-studi-di-brescia,state,https://www.unibs.it,IT-BS,Brescia,IT
it-libera-universit-di-bolzano,Libera Università di Bolzano,libera-universit-di-bolzano,private,https://www.unibz.it,IT-BZ,Bolzano,IT
it-universit-degli-studi-di-cagliari,Università degli Studi di Cagliari,universit-degli-studi-di-cagliari,state,https://www.unica.it,IT-CA,Cagliari,IT
it-universit-degli-studi-del-molise,Università degli Studi del Molise,universit-degli-studi-del-molise,state,https://www.unimol.it,IT-CB,Campobasso,IT
it-universit-degli-studi-della-campania-luigi-vanvitelli,"Università degli Studi della Campania ""Luigi Vanvitelli""",universit-degli-studi-della-campania-luigi-vanvitelli,state,https://www.unicampania.it,IT-CE,Caserta,IT
it-universit-telematica-leonardo-da-vinci,"Università Telematica ""Leonardo da Vinci""",universit-telematica-leonardo-da-vinci,private,https://www.unidav.it,IT-CH,Chieti,IT
it-universit-degli-studi-g-d-annunzio-chieti-pescara,"Università degli Studi ""G. d'Annunzio"" Chieti-Pescara",universit-degli-studi-g-d-annunzio-chieti-pescara,state,https://www.unich.it,IT-CH,Chieti,IT
it-universit-degli-studi-di-scienze-gastronomiche,Università degli Studi di Scienze Gastronomiche,universit-degli-studi-di-scienze-gastronomiche,private,https://www.unisg.it,IT-CN,Cuneo,IT
it-universit-telematica-ecampus,Università telematica eCampus,universit-telematica-ecampus,private,https://www.uniecampus.it,IT-CO,Como,IT
it-universit-della-calabria,Università della Calabria,universit-della-calabria,state,https://www.unical.it,IT-CS,Cosenza,IT
it-universit-degli-studi-di-catania,Università degli Studi di Catania,universit-degli-studi-di-catania,state,https://www.unict.it,IT-CT,Catania,IT
it-universit-degli-studi-magna-graecia-di-catanzaro,"Università degli Studi ""Magna Graecia"" di Catanzaro",universit-degli-studi-magna-graecia-di-catanzaro,state,https://www.unicz.it,IT-CZ,Catanzaro,IT
it-universit-degli-studi-di-enna-kore,"Università degli Studi di Enna ""Kore""",universit-degli-studi-di-enna-kore,private,https://www.uke.it,IT-EN,Enna,IT
it-universit-degli-studi-di-ferrara,Università degli Studi di Ferrara,universit-degli-studi-di-ferrara,state,https://www.unife.it,IT-FE,Ferrara,IT
it-universit-degli-studi-di-foggia,Università degli Studi di Foggia,universit-degli-studi-di-foggia,state,https://www.unifg.it,IT-FG,Foggia,IT
it-universit-telematica-degli-studi-iul,Università Telematica degli Studi IUL,universit-telematica-degli-studi-iul,private,https://www.iuline.it,IT-FI,Firenze,IT
it-universit-degli-studi-di-firenze,Università degli Studi di Firenze,universit-degli-studi-di-firenze,state,https://www.unifi.it,IT-FI,Firenze,IT
it-universit-degli-studi-di-cassino-e-del-lazio-meridionale,Università degli Studi di Cassino e del Lazio Meridionale,universit-degli-studi-di-cassino-e-del-lazio-meridionale,state,https://www.unicas.it,IT-FR,Frosinone,IT
it-universit-degli-studi-di-genova,Università degli Studi di Genova,universit-degli-studi-di-genova,state,https://unige.it,IT-GE,Genova,IT
it-universit-del-salento,Università del Salento,universit-del-salento,state,https://www.unisalento.it,IT-LE,Lecce,IT
it-imt-scuola-alti-studi-lucca,IMT Scuola Alti Studi Lucca,imt-scuola-alti-studi-lucca,state,https://www.imtlucca.it,IT-LU,Lucca,IT
it-universit-degli-studi-di-camerino,Università degli Studi di Camerino,universit-degli-studi-di-camerino,state,https://www.unicam.it,IT-MC,Macerata,IT
it-universit-degli-studi-di-macerata,Università degli Studi di Macerata,universit-degli-studi-di-macerata,state,https://www.unimc.it,IT-MC,Macerata,IT
it-universit-degli-studi-di-messina,Università degli Studi di Messina,universit-degli-studi-di-messina,state,https://www.unime.it,IT-ME,Messina,IT
it-humanitas-university,Humanitas University,humanitas-university,private,https://www.hunimed.eu,IT-MI,Milano,IT
it-iulm-libera-universit-di-lingue-e-comunicazione,IULM - Libera Università di Lingue e Comunicazione,iulm-libera-universit-di-lingue-e-comunicazione,private,https://www.iulm.it,IT-MI,Milano,IT
it-politecnico-di-milano,Politecnico di Milano,politecnico-di-milano,state,https://www.polimi.it,IT-MI,Milano,IT
it-universit-cattolica-del-sacro-cuore,Università Cattolica del Sacro Cuore,universit-cattolica-del-sacro-cuore,private,https://www.unicatt.it,IT-MI,Milano,IT
it-universit-commerciale-luigi-bocconi,Università Commerciale Luigi Bocconi,universit-commerciale-luigi-bocconi,private,https://www.unibocconi.it,IT-MI,Milano,IT
it-universit-vita-salute-san-raffaele,Università Vita-Salute San Raffaele,universit-vita-salute-san-raffaele,private,https://www.unisr.it,IT-MI,Milano,IT
it-universit-degli-studi-di-milano,Università degli Studi di Milano,universit-degli-studi-di-milano,state,https://www.unimi.it,IT-MI,Milano,IT
it-universit-degli-studi-di-milano-bicocca,Università degli Studi di Milano-Bicocca,universit-degli-studi-di-milano-bicocca,state,https://www.unimib.it,IT-MI,Milano,IT
it-universit-degli-studi-di-modena-e-reggio-emilia,Università degli Studi di Modena e Reggio Emilia,universit-degli-studi-di-modena-e-reggio-emilia,state,https://www.unimore.it,IT-MO,Modena,IT
it-scuola-superiore-meridionale,Scuola Superiore Meridionale,scuola-superiore-meridionale,state,https://www.ssmeridionale.it,IT-NA,Napoli,IT
it-universit-telematica-pegaso,Università Telematica Pegaso,universit-telematica-pegaso,private,https://www.unipegaso.it,IT-NA,Napoli,IT
it-universit-degli-studi-suor-orsola-benincasa,Università degli Studi Suor Orsola Benincasa,universit-degli-studi-suor-orsola-benincasa,private,https://www.unisob.na.it,IT-NA,Napoli,IT
it-universit-degli-studi-di-napoli-l-orientale,"Università degli Studi di Napoli ""L'Orientale""",universit-degli-studi-di-napoli-l-orientale,state,https://www.unior.it,IT-NA,Napoli,IT
it-universit-degli-studi-di-napoli-parthenope,"Università degli Studi di Napoli ""Parthenope""",universit-degli-studi-di-napoli-parthenope,state,https://www.uniparthenope.it,IT-NA,Napoli,IT
it-universit-degli-studi-di-napoli-federico-ii,Università degli Studi di Napoli Federico II,universit-degli-studi-di-napoli-federico-ii,state,https://www.unina.it,IT-NA,Napoli,IT
it-universit-degli-studi-di-palermo,Università degli Studi di Palermo,universit-degli-studi-di-palermo,state,https://www.unipa.it,IT-PA,Palermo,IT
it-universit-degli-studi-di-padova,Università degli Studi di Padova,universit-degli-studi-di-padova,state,https://www.unipd.it,IT-PD,Padova,IT
it-universit-degli-studi-di-perugia,Università degli Studi di Perugia,universit-degli-studi-di-perugia,state,https://www.unipg.it,IT-PG,Perugia,IT
it-universit-per-stranieri-di-perugia,Università per Stranieri di Perugia,universit-per-stranieri-di-perugia,state,https://www.unistrapg.it,IT-PG,Perugia,IT
it-scuola-normale-superiore,Scuola Normale Superiore,scuola-normale-superiore,state,https://www.sns.it,IT-PI,Pisa,IT
it-scuola-superiore-sant-anna,Scuola Superiore Sant'Anna,scuola-superiore-sant-anna,state,https://www.santannapisa.it,IT-PI,Pisa,IT
it-universit-di-pisa,Università di Pisa,universit-di-pisa,state,https://www.unipi.it,IT-PI,Pisa,IT
it-universit-degli-studi-di-parma,Università degli Studi di Parma,universit-degli-studi-di-parma,state,https://www.unipr.it,IT-PR,Parma,IT
it-universit-degli-studi-di-urbino-carlo-bo,Università degli Studi di Urbino Carlo Bo,universit-degli-studi-di-urbino-carlo-bo,state,https://www.uniurb.it,IT-PU,Pesaro e Urbino,IT
it-scuola-universitaria-superiore-iuss-pavia,Scuola Universitaria Superiore IUSS Pavia,scuola-universitaria-superiore-iuss-pavia,state,https://www.iusspavia.it,IT-PV,Pavia,IT
it-universit-degli-studi-di-pavia,Università degli Studi di Pavia,universit-degli-studi-di-pavia,state,https://www.unipv.it,IT-PV,Pavia,IT
it-universit-degli-studi-della-basilicata,Università degli Studi della Basilicata,universit-degli-studi-della-basilicata,state,https://www.unibas.it,IT-PZ,Potenza,IT
it-universit-degli-studi-mediterranea-di-reggio-calabria,Università degli Studi Mediterranea di Reggio Calabria,universit-degli-studi-mediterranea-di-reggio-calabria,state,https://www.unirc.it,IT-RC,Reggio Calabria,IT
it-universit-per-stranieri-dante-alighieri,"Università per Stranieri ""Dante Alighieri""",universit-per-stranieri-dante-alighieri,private,https://www.unistrada.it,IT-RC,Reggio Calabria,IT
it-luiss-guido-carli,LUISS Guido Carli,luiss-guido-carli,private,https://www.luiss.it,IT-RM,Roma,IT
it-lumsa-libera-universit-maria-ss-assunta,LUMSA - Libera Università Maria SS. Assunta,lumsa-libera-universit-maria-ss-assunta,private,https://www.lumsa.it,IT-RM,Roma,IT
it-link-campus-university,Link Campus University,link-campus-university,private,https://www.unilink.it,IT-RM,Roma,IT
it-saint-camillus-international-university-of-health-sciences,Saint Camillus International University of Health Sciences,saint-camillus-international-university-of-health-sciences,private,https://www.unicamillus.org,IT-RM,Roma,IT
it-sapienza-universit-di-roma,Sapienza Università di Roma,sapienza-universit-di-roma,state,https://www.uniroma1.it,IT-RM,Roma,IT
it-unitelma-sapienza-universit-degli-studi-di-roma,Unitelma Sapienza - Università degli Studi di Roma,unitelma-sapienza-universit-degli-studi-di-roma,private,https://www.unitelmasapienza.it,IT-RM,Roma,IT
it-universit-campus-bio-medico-di-roma,Università Campus Bio-Medico di Roma,universit-campus-bio-medico-di-roma,private,https://www.unicampus.it,IT-RM,Roma,IT
it-universit-europea-di-roma,Università Europea di Roma,universit-europea-di-roma,private,https://www.uer.it,IT-RM,Roma,IT
it-universit-telematica-internazionale-uninettuno,Università Telematica Internazionale Uninettuno,universit-telematica-internazionale-uninettuno,private,https://www.uninettunouniversity.net,IT-RM,Roma,IT
it-universit-telematica-san-raffaele-roma,Università Telematica San Raffaele Roma,universit-telematica-san-raffaele-roma,private,https://www.uniroma5.it,IT-RM,Roma,IT
it-universit-telematica-universitas-mercatorum,Università Telematica Universitas Mercatorum,universit-telematica-universitas-mercatorum,private,https://www.unimercatorum.it,IT-RM,Roma,IT
it-universit-degli-studi-guglielmo-marconi,Università degli Studi Guglielmo Marconi,universit-degli-studi-guglielmo-marconi,private,https://www.unimarconi.it,IT-RM,Roma,IT
it-universit-degli-studi-internazionali-di-roma-unint,Università degli Studi Internazionali di Roma - UNINT,universit-degli-studi-internazionali-di-roma-unint,private,https://www.unint.eu,IT-RM,Roma,IT
it-universit-degli-studi-niccol-cusano,Università degli Studi Niccolò Cusano,universit-degli-studi-niccol-cusano,private,https://www.unicusano.it,IT-RM,Roma,IT
it-universit-degli-studi-roma-tre,Università degli Studi Roma Tre,universit-degli-studi-roma-tre,state,https://www.uniroma3.it,IT-RM,Roma,IT
it-universit-degli-studi-di-roma-foro-italico,"Università degli Studi di Roma ""Foro Italico""",universit-degli-studi-di-roma-foro-italico,state,https://www.uniroma4.it,IT-RM,Roma,IT
it-universit-degli-studi-di-roma-tor-vergata,"Università degli Studi di Roma ""Tor Vergata""",universit-degli-studi-di-roma-tor-vergata,state,https://web.uniroma2.it,IT-RM,Roma,IT
it-universit-degli-studi-di-salerno,Università degli Studi di Salerno,universit-degli-studi-di-salerno,state,https://www.unisa.it,IT-SA,Salerno,IT
it-universit-degli-studi-di-siena,Università degli Studi di Siena,universit-degli-studi-di-siena,state,https://www.unisi.it,IT-SI,Siena,IT
it-universit-per-stranieri-di-siena,Università per Stranieri di Siena,universit-per-stranieri-di-siena,state,https://www.unistrasi.it,IT-SI,Siena,IT
it-universit-degli-studi-di-sassari,Università degli Studi di Sassari,universit-degli-studi-di-sassari,state,https://www.uniss.it,IT-SS,Sassari,IT
it-universit-degli-studi-di-teramo,Università degli Studi di Teramo,universit-degli-studi-di-teramo,state,https://www.unite.it,IT-TE,Teramo,IT
it-universit-degli-studi-di-trento,Università degli Studi di Trento,universit-degli-studi-di-trento,state,https://www.unitn.it,IT-TN,Trento,IT
it-politecnico-di-torino,Politecnico di Torino,politecnico-di-torino,state,https://www.polito.it,IT-TO,Torino,IT
it-universit-degli-studi-di-torino,Università degli Studi di Torino,universit-degli-studi-di-torino,state,https://www.unito.it,IT-TO,Torino,IT
it-scuola-internazionale-superiore-di-studi-avanzati-sissa,Scuola Internazionale Superiore di Studi Avanzati (SISSA),scuola-internazionale-superiore-di-studi-avanzati-sissa,state,https://www.sissa.it,IT-TS,Trieste,IT
it-universit-degli-studi-di-trieste,Università degli Studi di Trieste,universit-degli-studi-di-trieste,state,https://www.units.it,IT-TS,Trieste,IT
it-universit-degli-studi-di-udine,Università degli Studi di Udine,universit-degli-studi-di-udine,state,https://www.uniud.it,IT-UD,Udine,IT
it-universit-carlo-cattaneo-liuc,Università Carlo Cattaneo - LIUC,universit-carlo-cattaneo-liuc,private,https://www.liuc.it,IT-VA,Varese,IT
it-universit-degli-studi-dell-insubria,Università degli Studi dell'Insubria,universit-degli-studi-dell-insubria,state,https://www.uninsubria.it,IT-VA,Varese,IT
it-universit-degli-studi-del-piemonte-orientale-amedeo-avogadro,"Università degli Studi del Piemonte Orientale ""Amedeo Avogadro""",universit-degli-studi-del-piemonte-orientale-amedeo-avogadro,state,https://www.uniupo.it,IT-VC,Vercelli,IT
it-universit-ca-foscari-venezia,Università Ca' Foscari Venezia,universit-ca-foscari-venezia,state,https://www.unive.it,IT-VE,Venezia,IT
it-universit-iuav-di-venezia,Università Iuav di Venezia,universit-iuav-di-venezia,state,https://www.iuav.it,IT-VE,Venezia,IT
it-universit-degli-studi-di-verona,Università degli Studi di Verona,universit-degli-studi-di-verona,state,https://www.univr.it,IT-VR,Verona,IT
it-universit-degli-studi-della-tuscia,Università degli Studi della Tuscia,universit-degli-studi-della-tuscia,state,https://www.unitus.it,IT-VT,Viterbo,IT
tr-adana-alparslan-turkes-bilim-ve-teknoloji-universitesi,Adana Alparslan Türkeş Bilim ve Teknoloji Üniversitesi,adana-alparslan-turkes-bilim-ve-teknoloji-universitesi,state,https://www.atu.edu.tr,TR-01,Adana,TR
tr-cukurova-universitesi,Çukurova Üniversitesi,cukurova-universitesi,state,https://www.cu.edu.tr,TR-01,Adana,TR
tr-adiyaman-universitesi,Adıyaman Üniversitesi,adiyaman-universitesi,state,https://www.adiyaman.edu.tr,TR-02,Adıyaman,TR
tr-afyon-kocatepe-universitesi,Afyon Kocatepe Üniversitesi,afyon-kocatepe-universitesi,state,https://www.aku.edu.tr,TR-03,Afyonkarahisar,TR
tr-afyonkarahisar-saglik-bilimleri-universitesi,Afyonkarahisar Sağlık Bilimleri Üniversitesi,afyonkarahisar-saglik-bilimleri-universitesi,state,https://www.afsu.edu.tr,TR-03,Afyonkarahisar,TR
tr-agri-ibrahim-cecen-universitesi,Ağrı İbrahim Çeçen Üniversitesi,agri-ibrahim-cecen-universitesi,state,https://www.agri.edu.tr,TR-04,Ağrı,TR
tr-amasya-universitesi,Amasya Üniversitesi,amasya-universitesi,state,https://www.amasya.edu.tr,TR-05,Amasya,TR
tr-ankara-bilim-universitesi,Ankara Bilim Üniversitesi,ankara-bilim-universitesi,foundation,https://www.ankarabilim.edu.tr,TR-06,Ankara,TR
tr-ankara-haci-bayram-veli-universitesi,Ankara Hacı Bayram Veli Üniversitesi,ankara-haci-bayram-veli-universitesi,state,https://www.hbv.edu.tr,TR-06,Ankara,TR
tr-ankara-medipol-universitesi,Ankara Medipol Üniversitesi,ankara-medipol-universitesi,foundation,https://www.ankaramedipol.edu.tr,TR-06,Ankara,TR
tr-ankara-muzik-ve-guzel-sanatlar-universitesi,Ankara Müzik ve Güzel Sanatlar Üniversitesi,ankara-muzik-ve-guzel-sanatlar-universitesi,state,https://www.mgu.edu.tr,TR-06,Ankara,TR
tr-ankara-sosyal-bilimler-universitesi,Ankara Sosyal Bilimler Üniversitesi,ankara-sosyal-bilimler-universitesi,state,https://www.asbu.edu.tr,TR-06,Ankara,TR
tr-ankara-yildirim-beyazit-universitesi,Ankara Yıldırım Beyazıt Üniversitesi,ankara-yildirim-beyazit-universitesi,state,https://www.aybu.edu.tr,TR-06,Ankara,TR
tr-ankara-universitesi,Ankara Üniversitesi,ankara-universitesi,state,https://www.ankara.edu.tr,TR-06,Ankara,TR
tr-atilim-universitesi,Atılım Üniversitesi,atilim-universitesi,foundation,https://www.atilim.edu.tr,TR-06,Ankara,TR
tr-baskent-universitesi,Başkent Üniversitesi,baskent-universitesi,foundation,https://www.baskent.edu.tr,TR-06,Ankara,TR
tr-gazi-universitesi,Gazi Üniversitesi,gazi-universitesi,state,https://www.gazi.edu.tr,TR-06,Ankara,TR
tr-hacettepe-universitesi,Hacettepe Üniversitesi,hacettepe-universitesi,state,https://www.hacettepe.edu.tr,TR-06,Ankara,TR
tr-jandarma-ve-sahil-guvenlik-akademisi,Jandarma ve Sahil Güvenlik Akademisi,jandarma-ve-sahil-guvenlik-akademisi,state,https://www.jsga.edu.tr,TR-06,Ankara,TR
tr-lokman-hekim-universitesi,Lokman Hekim Üniversitesi,lokman-hekim-universitesi,foundation,https://www.lokmanhekim.edu.tr,TR-06,Ankara,TR
tr-orta-dogu-teknik-universitesi,Orta Doğu Teknik Üniversitesi,orta-dogu-teknik-universitesi,state,https://www.metu.edu.tr,TR-06,Ankara,TR
tr-ostim-teknik-universitesi,Ostim Teknik Üniversitesi,ostim-teknik-universitesi,foundation,https://www.ostimteknik.edu.tr,TR-06,Ankara,TR
tr-polis-akademisi,Polis Akademisi,polis-akademisi,state,https://www.pa.edu.tr,TR-06,Ankara,TR
tr-ted-universitesi,TED Üniversitesi,ted-universitesi,foundation,https://www.tedu.edu.tr,TR-06,Ankara,TR
tr-tobb-ekonomi-ve-teknoloji-universitesi,TOBB Ekonomi ve Teknoloji Üniversitesi,tobb-ekonomi-ve-teknoloji-universitesi,foundation,https://www.etu.edu.tr,TR-06,Ankara,TR
tr-turk-hava-kurumu-universitesi,Türk Hava Kurumu Üniversitesi,turk-hava-kurumu-universitesi,foundation,https://www.thk.edu.tr,TR-06,Ankara,TR
tr-ufuk-universitesi,Ufuk Üniversitesi,ufuk-universitesi,foundation,https://www.ufuk.edu.tr,TR-06,Ankara,TR
tr-yuksek-ihtisas-universitesi,Yüksek İhtisas Üniversitesi,yuksek-ihtisas-universitesi,foundation,https://www.yuksekihtisasuniversitesi.edu.tr,TR-06,Ankara,TR
tr-cankaya-universitesi,Çankaya Üniversitesi,cankaya-universitesi,foundation,https://www.cankaya.edu.tr,TR-06,Ankara,TR
tr-ihsan-dogramaci-bilkent-universitesi,İhsan Doğramacı Bilkent Üniversitesi,ihsan-dogramaci-bilkent-universitesi,foundation,https://www.bilkent.edu.tr,TR-06,Ankara,TR
tr-akdeniz-universitesi,Akdeniz Üniversitesi,akdeniz-universitesi,state,https://www.akdeniz.edu.tr,TR-07,Antalya,TR
tr-alanya-alaaddin-keykubat-universitesi,Alanya Alaaddin Keykubat Üniversitesi,alanya-alaaddin-keykubat-universitesi,state,https://www.alanya.edu.tr,TR-07,Antalya,TR
tr-alanya-universitesi,Alanya Üniversitesi,alanya-universitesi,foundation,https://www.alanyauniversity.edu.tr,TR-07,Antalya,TR
tr-antalya-belek-universitesi,Antalya Belek Üniversitesi,antalya-belek-universitesi,foundation,https://www.belek.edu.tr,TR-07,Antalya,TR
tr-antalya-bilim-universitesi,Antalya Bilim Üniversitesi,antalya-bilim-universitesi,foundation,https://www.antalya.edu.tr,TR-07,Antalya,TR
tr-artvin-coruh-universitesi,Artvin Çoruh Üniversitesi,artvin-coruh-universitesi,state,https://www.artvin.edu.tr,TR-08,Artvin,TR
tr-aydin-adnan-menderes-universitesi,Aydın Adnan Menderes Üniversitesi,aydin-adnan-menderes-universitesi,state,https://www.adu.edu.tr,TR-09,Aydın,TR
tr-balikesir-universitesi,Balıkesir Üniversitesi,balikesir-universitesi,state,https://www.balikesir.edu.tr,TR-10,Balıkesir,TR
tr-bandirma-onyedi-eylul-universitesi,Bandırma Onyedi Eylül Üniversitesi,bandirma-onyedi-eylul-universitesi,state,https://www.bandirma.edu.tr,TR-10,Balıkesir,TR
tr-bilecik-seyh-edebali-universitesi,Bilecik Şeyh Edebali Üniversitesi,bilecik-seyh-edebali-universitesi,state,https://www.bilecik.edu.tr,TR-11,Bilecik,TR
tr-bingol-universitesi,Bingöl Üniversitesi,bingol-universitesi,state,https://www.bingol.edu.tr,TR-12,Bingöl,TR
tr-bitlis-eren-universitesi,Bitlis Eren Üniversitesi,bitlis-eren-universitesi,state,https://www.beu.edu.tr,TR-13,Bitlis,TR
tr-bolu-abant-izzet-baysal-universitesi,Bolu Abant İzzet Baysal Üniversitesi,bolu-abant-izzet-baysal-universitesi,state,https://www.ibu.edu.tr,TR-14,Bolu,TR
tr-burdur-mehmet-akif-ersoy-universitesi,Burdur Mehmet Akif Ersoy Üniversitesi,burdur-mehmet-akif-ersoy-universitesi,state,https://www.mehmetakif.edu.tr,TR-15,Burdur,TR
tr-bursa-teknik-universitesi,Bursa Teknik Üniversitesi,bursa-teknik-universitesi,state,https://www.btu.edu.tr,TR-16,Bursa,TR
tr-bursa-uludag-universitesi,Bursa Uludağ Üniversitesi,bursa-uludag-universitesi,state,https://www.uludag.edu.tr,TR-16,Bursa,TR
tr-mudanya-universitesi,Mudanya Üniversitesi,mudanya-universitesi,foundation,https://www.mudanya.edu.tr,TR-16,Bursa,TR
tr-canakkale-onsekiz-mart-universitesi,Çanakkale Onsekiz Mart Üniversitesi,canakkale-onsekiz-mart-universitesi,state,https://www.comu.edu.tr,TR-17,Çanakkale,TR
tr-cankiri-karatekin-universitesi,Çankırı Karatekin Üniversitesi,cankiri-karatekin-universitesi,state,https://www.karatekin.edu.tr,TR-18,Çankırı,TR
tr-hitit-universitesi,Hitit Üniversitesi,hitit-universitesi,state,https://www.hitit.edu.tr,TR-19,Çorum,TR
tr-pamukkale-universitesi,Pamukkale Üniversitesi,pamukkale-universitesi,state,https://www.pau.edu.tr,TR-20,Denizli,TR
tr-dicle-universitesi,Dicle Üniversitesi,dicle-universitesi,state,https://www.dicle.edu.tr,TR-21,Diyarbakır,TR
tr-trakya-universitesi,Trakya Üniversitesi,trakya-universitesi,state,https://www.trakya.edu.tr,TR-22,Edirne,TR
tr-firat-universitesi,Fırat Üniversitesi,firat-universitesi,state,https://www.firat.edu.tr,TR-23,Elazığ,TR
tr-erzincan-binali-yildirim-universitesi,Erzincan Binali Yıldırım Üniversitesi,erzincan-binali-yildirim-universitesi,state,https://www.erzincan.edu.tr,TR-24,Erzincan,TR
tr-ataturk-universitesi,Atatürk Üniversitesi,ataturk-universitesi,state,https://www.atauni.edu.tr,TR-25,Erzurum,TR
tr-erzurum-teknik-universitesi,Erzurum Teknik Üniversitesi,erzurum-teknik-universitesi,state,https://www.erzurum.edu.tr,TR-25,Erzurum,TR
tr-anadolu-universitesi,Anadolu Üniversitesi,anadolu-universitesi,state,https://www.anadolu.edu.tr,TR-26,Eskişehir,TR
tr-eskisehir-osmangazi-universitesi,Eskişehir Osmangazi Üniversitesi,eskisehir-osmangazi-universitesi,state,https://www.ogu.edu.tr,TR-26,Eskişehir,TR
tr-eskisehir-teknik-universitesi,Eskişehir Teknik Üniversitesi,eskisehir-teknik-universitesi,state,https://www.eskisehir.edu.tr,TR-26,Eskişehir,TR
tr-gaziantep-universitesi,Gaziantep Üniversitesi,gaziantep-universitesi,state,https://www.gantep.edu.tr,TR-27,Gaziantep,TR
tr-gaziantep-islam-bilim-ve-teknoloji-universitesi,Gaziantep İslam Bilim ve Teknoloji Üniversitesi,gaziantep-islam-bilim-ve-teknoloji-universitesi,state,https://www.gibtu.edu.tr,TR-27,Gaziantep,TR
tr-hasan-kalyoncu-universitesi,Hasan Kalyoncu Üniversitesi,hasan-kalyoncu-universitesi,foundation,https://www.hku.edu.tr,TR-27,Gaziantep,TR
tr-sanko-universitesi,SANKO Üniversitesi,sanko-universitesi,foundation,https://www.sanko.edu.tr,TR-27,Gaziantep,TR
tr-giresun-universitesi,Giresun Üniversitesi,giresun-universitesi,state,https://www.giresun.edu.tr,TR-28,Giresun,TR
tr-gumushane-universitesi,Gümüşhane Üniversitesi,gumushane-universitesi,state,https://www.gumushane.edu.tr,TR-29,Gümüşhane,TR
tr-hakkari-universitesi,Hakkari Üniversitesi,hakkari-universitesi,state,https://www.hakkari.edu.tr,TR-30,Hakkari,TR
tr-hatay-mustafa-kemal-universitesi,Hatay Mustafa Kemal Üniversitesi,hatay-mustafa-kemal-universitesi,state,https://www.mku.edu.tr,TR-31,Hatay,TR
tr-iskenderun-teknik-universitesi,İskenderun Teknik Üniversitesi,iskenderun-teknik-universitesi,state,https://www.iste.edu.tr,TR-31,Hatay,TR
tr-isparta-uygulamali-bilimler-universitesi,Isparta Uygulamalı Bilimler Üniversitesi,isparta-uygulamali-bilimler-universitesi,state,https://www.isparta.edu.tr,TR-32,Isparta,TR
tr-suleyman-demirel-universitesi,Süleyman Demirel Üniversitesi,suleyman-demirel-universitesi,state,https://www.sdu.edu.tr,TR-32,Isparta,TR
tr-mersin-universitesi,Mersin Üniversitesi,mersin-universitesi,state,https://www.mersin.edu.tr,TR-33,Mersin,TR
tr-tarsus-universitesi,Tarsus Üniversitesi,tarsus-universitesi,state,https://www.tarsus.edu.tr,TR-33,Mersin,TR
tr-toros-universitesi,Toros Üniversitesi,toros-universitesi,foundation,https://www.toros.edu.tr,TR-33,Mersin,TR
tr-cag-universitesi,Çağ Üniversitesi,cag-universitesi,foundation,https://www.cag.edu.tr,TR-33,Mersin,TR
tr-acibadem-mehmet-ali-aydinlar-universitesi,Acıbadem Mehmet Ali Aydınlar Üniversitesi,acibadem-mehmet-ali-aydinlar-universitesi,foundation,https://www.acibadem.edu.tr,TR-34,İstanbul,TR
tr-altinbas-universitesi,Altınbaş Üniversitesi,altinbas-universitesi,foundation,https://www.altinbas.edu.tr,TR-34,İstanbul,TR
tr-bahcesehir-universitesi,Bahçeşehir Üniversitesi,bahcesehir-universitesi,foundation,https://www.bau.edu.tr,TR-34,İstanbul,TR
tr-beykoz-universitesi,Beykoz Üniversitesi,beykoz-universitesi,foundation,https://www.beykoz.edu.tr,TR-34,İstanbul,TR
tr-bezmialem-vakif-universitesi,Bezmiâlem Vakıf Üniversitesi,bezmialem-vakif-universitesi,foundation,https://www.bezmialem.edu.tr,TR-34,İstanbul,TR
tr-biruni-universitesi,Biruni Üniversitesi,biruni-universitesi,foundation,https://www.biruni.edu.tr,TR-34,İstanbul,TR
tr-bogazici-universitesi,Boğaziçi Üniversitesi,bogazici-universitesi,state,https://www.boun.edu.tr,TR-34,İstanbul,TR
tr-demiroglu-bilim-universitesi,Demiroğlu Bilim Üniversitesi,demiroglu-bilim-universitesi,foundation,https://demiroglu.bilim.edu.tr,TR-34,İstanbul,TR
tr-dogus-universitesi,Doğuş Üniversitesi,dogus-universitesi,foundation,https://www.dogus.edu.tr,TR-34,İstanbul,TR
tr-fatih-sultan-mehmet-vakif-universitesi,Fatih Sultan Mehmet Vakıf Üniversitesi,fatih-sultan-mehmet-vakif-universitesi,foundation,https://www.fsm.edu.tr,TR-34,İstanbul,TR
tr-fenerbahce-universitesi,Fenerbahçe Üniversitesi,fenerbahce-universitesi,foundation,https://www.fbu.edu.tr,TR-34,İstanbul,TR
tr-galatasaray-universitesi,Galatasaray Üniversitesi,galatasaray-universitesi,state,https://www.gsu.edu.tr,TR-34,İstanbul,TR
tr-halic-universitesi,Haliç Üniversitesi,halic-universitesi,foundation,https://www.halic.edu.tr,TR-34,İstanbul,TR
tr-isik-universitesi,Işık Üniversitesi,isik-universitesi,foundation,https://www.isikun.edu.tr,TR-34,İstanbul,TR
tr-kadir-has-universitesi,Kadir Has Üniversitesi,kadir-has-universitesi,foundation,https://www.khas.edu.tr,TR-34,İstanbul,TR
tr-koc-universitesi,Koç Üniversitesi,koc-universitesi,foundation,https://www.ku.edu.tr,TR-34,İstanbul,TR
tr-mef-universitesi,MEF Üniversitesi,mef-universitesi,foundation,https://www.mef.edu.tr,TR-34,İstanbul,TR
tr-maltepe-universitesi,Maltepe Üniversitesi,maltepe-universitesi,foundation,https://www.maltepe.edu.tr,TR-34,İstanbul,TR
tr-marmara-universitesi,Marmara Üniversitesi,marmara-universitesi,state,https://www.marmara.edu.tr,TR-34,İstanbul,TR
tr-milli-savunma-universitesi,Milli Savunma Üniversitesi,milli-savunma-universitesi,state,https://www.msu.edu.tr,TR-34,İstanbul,TR
tr-mimar-sinan-guzel-sanatlar-universitesi,Mimar Sinan Güzel Sanatlar Üniversitesi,mimar-sinan-guzel-sanatlar-universitesi,state,https://www.msgsu.edu.tr,TR-34,İstanbul,TR
tr-piri-reis-universitesi,Piri Reis Üniversitesi,piri-reis-universitesi,foundation,https://www.pirireis.edu.tr,TR-34,İstanbul,TR
tr-sabanci-universitesi,Sabancı Üniversitesi,sabanci-universitesi,foundation,https://www.sabanciuniv.edu,TR-34,İstanbul,TR
tr-saglik-bilimleri-universitesi,Sağlık Bilimleri Üniversitesi,saglik-bilimleri-universitesi,state,https://www.sbu.edu.tr,TR-34,İstanbul,TR
tr-turk-alman-universitesi,Türk-Alman Üniversitesi,turk-alman-universitesi,state,https://www.tau.edu.tr,TR-34,İstanbul,TR
tr-turk-japon-bilim-ve-teknoloji-universitesi,Türk-Japon Bilim ve Teknoloji Üniversitesi,turk-japon-bilim-ve-teknoloji-universitesi,state,https://tju.edu.tr,TR-34,İstanbul,TR
tr-yeditepe-universitesi,Yeditepe Üniversitesi,yeditepe-universitesi,foundation,https://www.yeditepe.edu.tr,TR-34,İstanbul,TR
tr-yildiz-teknik-universitesi,Yıldız Teknik Üniversitesi,yildiz-teknik-universitesi,state,https://www.yildiz.edu.tr,TR-34,İstanbul,TR
tr-ozyegin-universitesi,Özyeğin Üniversitesi,ozyegin-universitesi,foundation,https://www.ozyegin.edu.tr,TR-34,İstanbul,TR
tr-uskudar-universitesi,Üsküdar Üniversitesi,uskudar-universitesi,foundation,https://www.uskudar.edu.tr,TR-34,İstanbul,TR
tr-ibn-haldun-universitesi,İbn Haldun Üniversitesi,ibn-haldun-universitesi,foundation,https://www.ihu.edu.tr,TR-34,İstanbul,TR
tr-istanbul-29-mayis-universitesi,İstanbul 29 Mayıs Üniversitesi,istanbul-29-mayis-universitesi,foundation,https://www.29mayis.edu.tr,TR-34,İstanbul,TR
tr-istanbul-arel-universitesi,İstanbul Arel Üniversitesi,istanbul-arel-universitesi,foundation,https://www.arel.edu.tr,TR-34,İstanbul,TR
tr-istanbul-atlas-universitesi,İstanbul Atlas Üniversitesi,istanbul-atlas-universitesi,foundation,https://www.atlas.edu.tr,TR-34,İstanbul,TR
tr-istanbul-aydin-universitesi,İstanbul Aydın Üniversitesi,istanbul-aydin-universitesi,foundation,https://www.aydin.edu.tr,TR-34,İstanbul,TR
tr-istanbul-beykent-universitesi,İstanbul Beykent Üniversitesi,istanbul-beykent-universitesi,foundation,https://www.beykent.edu.tr,TR-34,İstanbul,TR
tr-istanbul-bilgi-universitesi,İstanbul Bilgi Üniversitesi,istanbul-bilgi-universitesi,foundation,https://www.bilgi.edu.tr,TR-34,İstanbul,TR
tr-istanbul-esenyurt-universitesi,İstanbul Esenyurt Üniversitesi,istanbul-esenyurt-universitesi,foundation,https://www.esenyurt.edu.tr,TR-34,İstanbul,TR
tr-istanbul-galata-universitesi,İstanbul Galata Üniversitesi,istanbul-galata-universitesi,foundation,https://www.galata.edu.tr,TR-34,İstanbul,TR
tr-istanbul-gedik-universitesi,İstanbul Gedik Üniversitesi,istanbul-gedik-universitesi,foundation,https://www.gedik.edu.tr,TR-34,İstanbul,TR
tr-istanbul-gelisim-universitesi,İstanbul Gelişim Üniversitesi,istanbul-gelisim-universitesi,foundation,https://www.gelisim.edu.tr,TR-34,İstanbul,TR
tr-istanbul-kent-universitesi,İstanbul Kent Üniversitesi,istanbul-kent-universitesi,foundation,https://www.kent.edu.tr,TR-34,İstanbul,TR
tr-istanbul-kultur-universitesi,İstanbul Kültür Üniversitesi,istanbul-kultur-universitesi,foundation,https://www.iku.edu.tr,TR-34,İstanbul,TR
tr-istanbul-medeniyet-universitesi,İstanbul Medeniyet Üniversitesi,istanbul-medeniyet-universitesi,state,https://www.medeniyet.edu.tr,TR-34,İstanbul,TR
tr-istanbul-medipol-universitesi,İstanbul Medipol Üniversitesi,istanbul-medipol-universitesi,foundation,https://www.medipol.edu.tr,TR-34,İstanbul,TR
tr-istanbul-nisantasi-universitesi,İstanbul Nişantaşı Üniversitesi,istanbul-nisantasi-universitesi,foundation,https://www.nisantasi.edu.tr,TR-34,İstanbul,TR
tr-istanbul-okan-universitesi,İstanbul Okan Üniversitesi,istanbul-okan-universitesi,foundation,https://www.okan.edu.tr,TR-34,İstanbul,TR
tr-istanbul-rumeli-universitesi,İstanbul Rumeli Üniversitesi,istanbul-rumeli-universitesi,foundation,https://www.rumeli.edu.tr,TR-34,İstanbul,TR
tr-istanbul-sabahattin-zaim-universitesi,İstanbul Sabahattin Zaim Üniversitesi,istanbul-sabahattin-zaim-universitesi,foundation,https://www.izu.edu.tr,TR-34,İstanbul,TR
tr-istanbul-saglik-ve-teknoloji-universitesi,İstanbul Sağlık ve Teknoloji Üniversitesi,istanbul-saglik-ve-teknoloji-universitesi,foundation,https://www.istun.edu.tr,TR-34,İstanbul,TR
tr-istanbul-teknik-universitesi,İstanbul Teknik Üniversitesi,istanbul-teknik-universitesi,state,https://www.itu.edu.tr,TR-34,İstanbul,TR
tr-istanbul-ticaret-universitesi,İstanbul Ticaret Üniversitesi,istanbul-ticaret-universitesi,foundation,https://www.ticaret.edu.tr,TR-34,İstanbul,TR
tr-istanbul-topkapi-universitesi,İstanbul Topkapı Üniversitesi,istanbul-topkapi-universitesi,foundation,https://www.topkapi.edu.tr,TR-34,İstanbul,TR
tr-istanbul-yeni-yuzyil-universitesi,İstanbul Yeni Yüzyıl Üniversitesi,istanbul-yeni-yuzyil-universitesi,foundation,https://www.yeniyuzyil.edu.tr,TR-34,İstanbul,TR
tr-istanbul-universitesi,İstanbul Üniversitesi,istanbul-universitesi,state,https://www.istanbul.edu.tr,TR-34,İstanbul,TR
tr-istanbul-universitesi-cerrahpasa,İstanbul Üniversitesi-Cerrahpaşa,istanbul-universitesi-cerrahpasa,state,https://www.iuc.edu.tr,TR-34,İstanbul,TR
tr-istinye-universitesi,İstinye Üniversitesi,istinye-universitesi,foundation,https://www.istinye.edu.tr,TR-34,İstanbul,TR
tr-dokuz-eylul-universitesi,Dokuz Eylül Üniversitesi,dokuz-eylul-universitesi,state,https://www.deu.edu.tr,TR-35,İzmir,TR
tr-ege-universitesi,Ege Üniversitesi,ege-universitesi,state,https://www.ege.edu.tr,TR-35,İzmir,TR
tr-yasar-universitesi,Yaşar Üniversitesi,yasar-universitesi,foundation,https://www.yasar.edu.tr,TR-35,İzmir,TR
tr-izmir-bakircay-universitesi,İzmir Bakırçay Üniversitesi,izmir-bakircay-universitesi,state,https://www.bakircay.edu.tr,TR-35,İzmir,TR
tr-izmir-demokrasi-universitesi,İzmir Demokrasi Üniversitesi,izmir-demokrasi-universitesi,state,https://www.idu.edu.tr,TR-35,İzmir,TR
tr-izmir-ekonomi-universitesi,İzmir Ekonomi Üniversitesi,izmir-ekonomi-universitesi,foundation,https://www.ieu.edu.tr,TR-35,İzmir,TR
tr-izmir-katip-celebi-universitesi,İzmir Katip Çelebi Üniversitesi,izmir-katip-celebi-universitesi,state,https://www.ikcu.edu.tr,TR-35,İzmir,TR
tr-izmir-tinaztepe-universitesi,İzmir Tınaztepe Üniversitesi,izmir-tinaztepe-universitesi,foundation,https://www.tinaztepe.edu.tr,TR-35,İzmir,TR
tr-izmir-yuksek-teknoloji-enstitusu,İzmir Yüksek Teknoloji Enstitüsü,izmir-yuksek-teknoloji-enstitusu,state,https://www.iyte.edu.tr,TR-35,İzmir,TR
tr-kafkas-universitesi,Kafkas Üniversitesi,kafkas-universitesi,state,https://www.kafkas.edu.tr,TR-36,Kars,TR
tr-kastamonu-universitesi,Kastamonu Üniversitesi,kastamonu-universitesi,state,https://www.kastamonu.edu.tr,TR-37,Kastamonu,TR
tr-abdullah-gul-universitesi,Abdullah Gül Üniversitesi,abdullah-gul-universitesi,state,https://www.agu.edu.tr,TR-38,Kayseri,TR
tr-erciyes-universitesi,Erciyes Üniversitesi,erciyes-universitesi,state,https://www.erciyes.edu.tr,TR-38,Kayseri,TR
tr-kayseri-universitesi,Kayseri Üniversitesi,kayseri-universitesi,state,https://www.kayseri.edu.tr,TR-38,Kayseri,TR
tr-nuh-naci-yazgan-universitesi,Nuh Naci Yazgan Üniversitesi,nuh-naci-yazgan-universitesi,foundation,https://www.nny.edu.tr,TR-38,Kayseri,TR
tr-kirklareli-universitesi,Kırklareli Üniversitesi,kirklareli-universitesi,state,https://www.klu.edu.tr,TR-39,Kırklareli,TR
tr-kirsehir-ahi-evran-universitesi,Kırşehir Ahi Evran Üniversitesi,kirsehir-ahi-evran-universitesi,state,https://www.ahievran.edu.tr,TR-40,Kırşehir,TR
tr-gebze-teknik-universitesi,Gebze Teknik Üniversitesi,gebze-teknik-universitesi,state,https://www.gtu.edu.tr,TR-41,Kocaeli,TR
tr-kocaeli-saglik-ve-teknoloji-universitesi,Kocaeli Sağlık ve Teknoloji Üniversitesi,kocaeli-saglik-ve-teknoloji-universitesi,foundation,https://www.kocaelisaglik.edu.tr,TR-41,Kocaeli,TR
tr-kocaeli-universitesi,Kocaeli Üniversitesi,kocaeli-universitesi,state,https://www.kocaeli.edu.tr,TR-41,Kocaeli,TR
tr-kto-karatay-universitesi,KTO Karatay Üniversitesi,kto-karatay-universitesi,foundation,https://www.karatay.edu.tr,TR-42,Konya,TR
tr-konya-gida-ve-tarim-universitesi,Konya Gıda ve Tarım Üniversitesi,konya-gida-ve-tarim-universitesi,foundation,https://www.gidatarim.edu.tr,TR-42,Konya,TR
tr-konya-teknik-universitesi,Konya Teknik Üniversitesi,konya-teknik-universitesi,state,https://www.ktun.edu.tr,TR-42,Konya,TR
tr-necmettin-erbakan-universitesi,Necmettin Erbakan Üniversitesi,necmettin-erbakan-universitesi,state,https://www.erbakan.edu.tr,TR-42,Konya,TR
tr-selcuk-universitesi,Selçuk Üniversitesi,selcuk-universitesi,state,https://www.selcuk.edu.tr,TR-42,Konya,TR
tr-kutahya-dumlupinar-universitesi,Kütahya Dumlupınar Üniversitesi,kutahya-dumlupinar-universitesi,state,https://www.dpu.edu.tr,TR-43,Kütahya,TR
tr-kutahya-saglik-bilimleri-universitesi,Kütahya Sağlık Bilimleri Üniversitesi,kutahya-saglik-bilimleri-universitesi,state,https://www.ksbu.edu.tr,TR-43,Kütahya,TR
tr-malatya-turgut-ozal-universitesi,Malatya Turgut Özal Üniversitesi,malatya-turgut-ozal-universitesi,state,https://www.ozal.edu.tr,TR-44,Malatya,TR
tr-inonu-universitesi,İnönü Üniversitesi,inonu-universitesi,state,https://www.inonu.edu.tr,TR-44,Malatya,TR
tr-manisa-celal-bayar-universitesi,Manisa Celal Bayar Üniversitesi,manisa-celal-bayar-universitesi,state,https://www.cbu.edu.tr,TR-45,Manisa,TR
tr-kahramanmaras-sutcu-imam-universitesi,Kahramanmaraş Sütçü İmam Üniversitesi,kahramanmaras-sutcu-imam-universitesi,state,https://www.ksu.edu.tr,TR-46,Kahramanmaraş,TR
tr-kahramanmaras-istiklal-universitesi,Kahramanmaraş İstiklal Üniversitesi,kahramanmaras-istiklal-universitesi,state,https://www.istiklal.edu.tr,TR-46,Kahramanmaraş,TR
tr-mardin-artuklu-universitesi,Mardin Artuklu Üniversitesi,mardin-artuklu-universitesi,state,https://www.artuklu.edu.tr,TR-47,Mardin,TR
tr-mugla-sitki-kocman-universitesi,Muğla Sıtkı Koçman Üniversitesi,mugla-sitki-kocman-universitesi,state,https://www.mu.edu.tr,TR-48,Muğla,TR
tr-mus-alparslan-universitesi,Muş Alparslan Üniversitesi,mus-alparslan-universitesi,state,https://www.alparslan.edu.tr,TR-49,Muş,TR
tr-kapadokya-universitesi,Kapadokya Üniversitesi,kapadokya-universitesi,foundation,https://kapadokya.edu.tr,TR-50,Nevşehir,TR
tr-nevsehir-haci-bektas-veli-universitesi,Nevşehir Hacı Bektaş Veli Üniversitesi,nevsehir-haci-bektas-veli-universitesi,state,https://www.nevsehir.edu.tr,TR-50,Nevşehir,TR
tr-nigde-omer-halisdemir-universitesi,Niğde Ömer Halisdemir Üniversitesi,nigde-omer-halisdemir-universitesi,state,https://www.ohu.edu.tr,TR-51,Niğde,TR
tr-ordu-universitesi,Ordu Üniversitesi,ordu-universitesi,state,https://www.odu.edu.tr,TR-52,Ordu,TR
tr-recep-tayyip-erdogan-universitesi,Recep Tayyip Erdoğan Üniversitesi,recep-tayyip-erdogan-universitesi,state,https://www.erdogan.edu.tr,TR-53,Rize,TR
tr-sakarya-uygulamali-bilimler-universitesi,Sakarya Uygulamalı Bilimler Üniversitesi,sakarya-uygulamali-bilimler-universitesi,state,https://www.subu.edu.tr,TR-54,Sakarya,TR
tr-sakarya-universitesi,Sakarya Üniversitesi,sakarya-universitesi,state,https://www.sakarya.edu.tr,TR-54,Sakarya,TR
tr-ondokuz-mayis-universitesi,Ondokuz Mayıs Üniversitesi,ondokuz-mayis-universitesi,state,https://www.omu.edu.tr,TR-55,Samsun,TR
tr-samsun-universitesi,Samsun Üniversitesi,samsun-universitesi,state,https://www.samsun.edu.tr,TR-55,Samsun,TR
tr-siirt-universitesi,Siirt Üniversitesi,siirt-universitesi,state,https://www.siirt.edu.tr,TR-56,Siirt,TR
tr-sinop-universitesi,Sinop Üniversitesi,sinop-universitesi,state,https://www.sinop.edu.tr,TR-57,Sinop,TR
tr-sivas-bilim-ve-teknoloji-universitesi,Sivas Bilim ve Teknoloji Üniversitesi,sivas-bilim-ve-teknoloji-universitesi,state,https://www.sivas.edu.tr,TR-58,Sivas,TR
tr-sivas-cumhuriyet-universitesi,Sivas Cumhuriyet Üniversitesi,sivas-cumhuriyet-universitesi,state,https://www.cumhuriyet.edu.tr,TR-58,Sivas,TR
tr-tekirdag-namik-kemal-universitesi,Tekirdağ Namık Kemal Üniversitesi,tekirdag-namik-kemal-universitesi,state,https://www.nku.edu.tr,TR-59,Tekirdağ,TR
tr-tokat-gaziosmanpasa-universitesi,Tokat Gaziosmanpaşa Üniversitesi,tokat-gaziosmanpasa-universitesi,state,https://www.gop.edu.tr,TR-60,Tokat,TR
tr-avrasya-universitesi,Avrasya Üniversitesi,avrasya-universitesi,foundation,https://www.avrasya.edu.tr,TR-61,Trabzon,TR
tr-karadeniz-teknik-universitesi,Karadeniz Teknik Üniversitesi,karadeniz-teknik-universitesi,state,https://www.ktu.edu.tr,TR-61,Trabzon,TR
tr-trabzon-universitesi,Trabzon Üniversitesi,trabzon-universitesi,state,https://www.trabzon.edu.tr,TR-61,Trabzon,TR
tr-munzur-universitesi,Munzur Üniversitesi,munzur-universitesi,state,https://www.munzur.edu.tr,TR-62,Tunceli,TR
tr-harran-universitesi,Harran Üniversitesi,harran-universitesi,state,https://www.harran.edu.tr,TR-63,Şanlıurfa,TR
tr-usak-universitesi,Uşak Üniversitesi,usak-universitesi,state,https://www.usak.edu.tr,TR-64,Uşak,TR
tr-van-yuzuncu-yil-universitesi,Van Yüzüncü Yıl Üniversitesi,van-yuzuncu-yil-universitesi,state,https://www.yyu.edu.tr,TR-65,Van,TR
tr-yozgat-bozok-universitesi,Yozgat Bozok Üniversitesi,yozgat-bozok-universitesi,state,https://www.bozok.edu.tr,TR-66,Yozgat,TR
tr-zonguldak-bulent-ecevit-universitesi,Zonguldak Bülent Ecevit Üniversitesi,zonguldak-bulent-ecevit-universitesi,state,https://www.beun.edu.tr,TR-67,Zonguldak,TR
tr-aksaray-universitesi,Aksaray Üniversitesi,aksaray-universitesi,state,https://www.aksaray.edu.tr,TR-68,Aksaray,TR
tr-bayburt-universitesi,Bayburt Üniversitesi,bayburt-universitesi,state,https://www.bayburt.edu.tr,TR-69,Bayburt,TR
tr-karamanoglu-mehmetbey-universitesi,Karamanoğlu Mehmetbey Üniversitesi,karamanoglu-mehmetbey-universitesi,state,https://www.kmu.edu.tr,TR-70,Karaman,TR
tr-kirikkale-universitesi,Kırıkkale Üniversitesi,kirikkale-universitesi,state,https://www.kku.edu.tr,TR-71,Kırıkkale,TR
tr-batman-universitesi,Batman Üniversitesi,batman-universitesi,state,https://www.batman.edu.tr,TR-72,Batman,TR
tr-sirnak-universitesi,Şırnak Üniversitesi,sirnak-universitesi,state,https://www.sirnak.edu.tr,TR-73,Şırnak,TR
tr-bartin-universitesi,Bartın Üniversitesi,bartin-universitesi,state,https://www.bartin.edu.tr,TR-74,Bartın,TR
tr-ardahan-universitesi,Ardahan Üniversitesi,ardahan-universitesi,state,https://www.ardahan.edu.tr,TR-75,Ardahan,TR
tr-igdir-universitesi,Iğdır Üniversitesi,igdir-universitesi,state,https://www.igdir.edu.tr,TR-76,Iğdır,TR
tr-yalova-universitesi,Yalova Üniversitesi,yalova-universitesi,state,https://www.yalova.edu.tr,TR-77,Yalova,TR
tr-karabuk-universitesi,Karabük Üniversitesi,karabuk-universitesi,state,https://www.karabuk.edu.tr,TR-78,Karabük,TR
tr-kilis-7-aralik-universitesi,Kilis 7 Aralık Üniversitesi,kilis-7-aralik-universitesi,state,https://www.kilis.edu.tr,TR-79,Kilis,TR
tr-osmaniye-korkut-ata-universitesi,Osmaniye Korkut Ata Üniversitesi,osmaniye-korkut-ata-universitesi,state,https://www.osmaniye.edu.tr,TR-80,Osmaniye,TR
tr-duzce-universitesi,Düzce Üniversitesi,duzce-universitesi,state,https://www.duzce.edu.tr,TR-81,Düzce,TR
